Date,Cash,Equity,OpenPositions
2000-01-03,49802.38443106079,99800.00949972533,1
2000-01-04,49802.38443106079,103441.04123800658,1
2000-01-05,49802.38443106079,106304.02874868774,1
2000-01-06,49802.38443106079,108874.4802562561,1
2000-01-07,49802.38443106079,108776.97631948852,1
2000-01-10,49802.38443106079,104354.13318746947,1
2000-01-11,23610.26186074829,99894.39543618774,2
2000-01-12,23610.26186074829,102340.12997140503,2
2000-01-13,23610.26186074829,98244.63645066833,2
2000-01-14,23610.26186074829,98256.0285920105,2
2000-01-17,23610.26186074829,100287.60841645813,2
2000-01-18,23610.26186074829,99893.01635255432,2
2000-01-19,23610.26186074829,104174.5372399292,2
2000-01-20,11024.443580468494,102098.93323465188,7
2000-01-21,11002.759178169877,101073.92697132459,7
2000-01-24,10981.07477587126,102056.02422290706,7
2000-01-25,18335.341096173794,103566.38567603735,6
2000-01-26,18316.755615229682,103547.80019509324,6
2000-01-27,18298.17013428557,103454.7997518574,6
2000-01-28,18279.58465334146,105389.45008214681,6
2000-01-31,74185.90811570946,109315.33123239342,18
2000-02-01,74185.90811570946,109764.91670211617,18
2000-02-02,74185.90811570946,110695.04588302437,18
2000-02-03,25078.986351977543,109999.33283282394,6
2000-02-04,25058.767221863054,109838.44124263027,6
2000-02-07,25038.548091748566,114608.25984559378,6
2000-02-08,6431.804508019402,118381.50939564795,24
2000-02-09,113542.45101999753,113542.45101999753,0
2000-02-10,113542.45101999753,113542.45101999753,0
2000-02-11,113542.45101999753,113542.45101999753,0
2000-02-14,113542.45101999753,113542.45101999753,0
2000-02-15,25437.523821358627,113191.43537378783,3
2000-02-16,25437.523821358627,114984.97859430785,3
2000-02-17,8679.043304427676,115243.951647862,7
2000-02-18,113693.91249056775,113693.91249056775,0
2000-02-21,5042.646027361928,112806.14651039797,7
2000-02-22,5016.9880510564435,121035.7097417112,7
2000-02-23,4991.330074750959,121136.51170250136,7
2000-02-24,4965.672098445475,119066.96719818073,7
2000-02-25,4940.014122139991,119605.06392825801,7
2000-02-28,109438.65922296245,109438.65922296245,0
2000-02-29,109438.65922296245,109438.65922296245,0
2000-03-01,109438.65922296245,109438.65922296245,0
2000-03-02,109438.65922296245,109438.65922296245,0
2000-03-03,12955.070316851406,108650.31270235803,7
2000-03-06,12932.285735331048,112997.74997504758,7
2000-03-07,12909.50115381069,118569.99716184921,7
2000-03-08,136350.76803674336,136350.76803674336,0
2000-03-09,136350.76803674336,136350.76803674336,0
2000-03-10,16118.85868336818,135368.37913020514,7
2000-03-13,16090.465940404647,126977.08927642179,7
2000-03-14,16062.073197441114,113683.35263325454,7
2000-03-15,26040.73377947453,108751.29711101892,6
2000-03-16,108457.89234407927,108457.89234407927,0
2000-03-17,10546.185283477074,108067.8058617661,6
2000-03-20,10546.185283477074,108067.8058617661,6
2000-03-21,10546.185283477074,112282.5455391953,6
2000-03-22,10546.185283477074,115834.46939497686,6
2000-03-23,10546.185283477074,114518.48435002065,6
2000-03-24,10546.185283477074,113663.02092724538,6
2000-03-27,10546.185283477074,114800.37484579778,6
2000-03-28,10546.185283477074,116187.49100905156,6
2000-03-29,116523.79163983274,116523.79163983274,0
2000-03-30,13752.635694403381,115684.07076992485,7
2000-03-31,104977.01087610124,104977.01087610124,0
2000-04-03,10189.397028477419,104599.37098029398,6
2000-04-04,10189.397028477419,98745.54042104029,6
2000-04-05,10189.397028477419,98313.71519044184,6
2000-04-06,10189.397028477419,97182.98591378474,6
2000-04-07,10189.397028477419,102907.85643580699,6
2000-04-10,10189.397028477419,104302.08871272349,6
2000-04-11,10189.397028477419,103827.97420075678,6
2000-04-12,10189.397028477419,101590.58690646433,6
2000-04-13,10189.397028477419,99958.53894046092,6
2000-04-14,1436.9026543773043,98778.98569389948,13
2000-04-17,107428.2037767833,107428.2037767833,0
2000-04-18,107428.2037767833,107428.2037767833,0
2000-04-19,107428.2037767833,107428.2037767833,0
2000-04-20,107428.2037767833,107428.2037767833,0
2000-04-21,1958.685230697632,106566.43517013932,13
2000-04-24,1933.7786235691938,111230.2460584523,13
2000-04-25,1908.8720164407555,115668.79865742815,13
2000-04-26,105656.87646437396,105656.87646437396,0
2000-04-27,105656.87646437396,105656.87646437396,0
2000-04-28,105656.87646437396,105656.87646437396,0
2000-05-01,105656.87646437396,105656.87646437396,0
2000-05-02,10246.224647687326,105276.75434558238,6
2000-05-03,10246.224647687326,107121.31845347727,6
2000-05-04,10246.224647687326,112490.17261664713,6
2000-05-05,10246.224647687326,112842.63838879908,6
2000-05-08,10246.224647687326,112190.64991490687,6
2000-05-09,10246.224647687326,113963.45711772288,6
2000-05-10,10246.224647687326,112939.51002280558,6
2000-05-11,10246.224647687326,111170.22634141291,6
2000-05-12,10246.224647687326,109548.68792407359,6
2000-05-15,108226.8461135286,108226.8461135286,0
2000-05-16,108226.8461135286,108226.8461135286,0
2000-05-17,108226.8461135286,108226.8461135286,0
2000-05-18,108226.8461135286,108226.8461135286,0
2000-05-19,108226.8461135286,108226.8461135286,0
2000-05-22,1940.3946324509584,107358.40252470197,13
2000-05-23,1915.2951067623271,110797.46441768971,13
2000-05-24,1890.1955810736958,109084.84528445714,13
2000-05-25,6118.069434470743,108449.19793219051,12
2000-05-26,6094.902524607902,104219.87481858087,12
2000-05-29,99083.6873941834,99083.6873941834,0
2000-05-30,9638.84986873937,98727.33345981908,6
2000-05-31,9638.84986873937,99853.43394371343,6
2000-06-01,21296.985638262988,97210.20560133673,5
2000-06-02,21296.985638262988,97787.99528420187,5
2000-06-05,7040.318612211345,94959.99979507267,12
2000-06-06,7019.385354786854,95122.13259103868,12
2000-06-07,6998.452097362363,93589.96592563995,12
2000-06-08,89903.1226105841,89903.1226105841,0
2000-06-09,89903.1226105841,89903.1226105841,0
2000-06-12,89903.1226105841,89903.1226105841,0
2000-06-13,89903.1226105841,89903.1226105841,0
2000-06-14,1629.2900145632373,89181.8562317473,13
2000-06-15,87821.9824558932,87821.9824558932,0
2000-06-16,8546.437131754556,87506.14362990062,6
2000-06-19,8546.437131754556,88494.53645073573,6
2000-06-20,8546.437131754556,92444.04318033854,6
2000-06-21,8546.437131754556,91062.64143215815,6
2000-06-22,1633.7652985870545,90326.05652092096,13
2000-06-23,89185.14879827043,89185.14879827043,0
2000-06-26,8615.076565388894,88864.15249455378,6
2000-06-27,654.6277957381544,87165.78340618032,13
2000-06-28,634.0299015451919,85665.74855176701,13
2000-06-29,613.4320073522294,83651.86569992673,13
2000-06-30,592.834113159267,85969.63686887272,13
2000-07-03,572.2362189663045,83429.05239430792,13
2000-07-04,551.638324773342,79685.49565855268,13
2000-07-05,531.0404305803795,79967.00866070867,13
2000-07-06,79722.29891239954,79722.29891239954,0
2000-07-07,79722.29891239954,79722.29891239954,0
2000-07-10,4716.741265167467,79423.47198950218,15
2000-07-11,4716.741265167467,79982.38992391991,15
2000-07-12,4716.741265167467,79880.37973486351,15
2000-07-13,4716.741265167467,79849.47175966667,15
2000-07-14,54375.37149552698,79920.79848245974,9
2000-07-17,54369.28925100628,79464.71291676823,9
2000-07-18,586.9516938459192,79465.17884452455,14
2000-07-19,78733.70048611183,78733.70048611183,0
2000-07-20,78733.70048611183,78733.70048611183,0
2000-07-21,78733.70048611183,78733.70048611183,0
2000-07-24,5860.338628731927,78443.36836715814,12
2000-07-25,37520.23149168923,79437.11773229076,12
2000-07-26,2100.658166787293,80742.37694074836,22
2000-07-27,78255.36800749888,78255.36800749888,0
2000-07-28,78255.36800749888,78255.36800749888,0
2000-07-31,78255.36800749888,78255.36800749888,0
2000-08-01,78255.36800749888,78255.36800749888,0
2000-08-02,78255.36800749888,78255.36800749888,0
2000-08-03,78255.36800749888,78255.36800749888,0
2000-08-04,78255.36800749888,78255.36800749888,0
2000-08-07,78255.36800749888,78255.36800749888,0
2000-08-08,3188.7656278535324,77956.2978784963,10
2000-08-09,3188.7656278535324,77887.41503452505,10
2000-08-10,77019.31152024568,77019.31152024568,0
2000-08-11,2735.9882093273573,76723.36202498307,10
2000-08-14,76343.01401199259,76343.01401199259,0
2000-08-15,2632.850386565341,76049.34802145304,10
2000-08-16,2632.850386565341,77377.96168953719,10
2000-08-17,2632.850386565341,77047.06068355383,10
2000-08-18,2632.850386565341,76739.47174519839,10
2000-08-21,2632.850386565341,77121.54935986342,10
2000-08-22,2632.850386565341,77024.33281916918,10
2000-08-23,2632.850386565341,78198.48236090483,10
2000-08-24,2632.850386565341,79234.17324811759,10
2000-08-25,2632.850386565341,79906.84043795409,10
2000-08-28,2632.850386565341,79024.65136963667,10
2000-08-29,2632.850386565341,79209.76010448279,10
2000-08-30,2632.850386565341,78941.26686698737,10
2000-08-31,2632.850386565341,79305.93760759177,10
2000-09-01,2632.850386565341,79305.93760759177,10
2000-09-04,2632.850386565341,79607.8407575542,10
2000-09-05,2632.850386565341,80192.33894509615,10
2000-09-06,2632.850386565341,81393.10791284384,10
2000-09-07,2632.850386565341,81498.08995396437,10
2000-09-08,2632.850386565341,81367.16859549822,10
2000-09-11,2632.850386565341,81216.51277620139,10
2000-09-12,2632.850386565341,80229.19588906111,10
2000-09-13,81382.76110017026,81382.76110017026,0
2000-09-14,3614.5472609721564,81072.92757889857,8
2000-09-15,3614.5472609721564,79277.76625642409,8
2000-09-18,3614.5472609721564,77308.22549721827,8
2000-09-19,3614.5472609721564,76201.92593512168,8
2000-09-20,3614.5472609721564,77925.05786082377,8
2000-09-21,3614.5472609721564,78321.16170212855,8
2000-09-22,75525.36712522044,75525.36712522044,0
2000-09-25,75525.36712522044,75525.36712522044,0
2000-09-26,2403.4732282082023,75234.04483877815,8
2000-09-27,2403.4732282082023,75933.83990191616,8
2000-09-28,74698.09416071237,74698.09416071237,0
2000-09-29,74698.09416071237,74698.09416071237,0
2000-10-02,7551.057722346426,74430.57608725273,6
2000-10-03,7551.057722346426,74292.82076718056,6
2000-10-04,7551.057722346426,76118.23035361015,6
2000-10-05,7551.057722346426,76928.0562193557,6
2000-10-06,5419.691669717915,76218.74954970229,13
2000-10-09,5402.834751175061,77938.51470504822,13
2000-10-10,80010.99989811052,80010.99989811052,0
2000-10-11,6222.085520577561,79717.02015955461,7
2000-10-12,6222.085520577561,79973.85927541269,7
2000-10-13,4175.153806053532,77673.781876408,14
2000-10-16,4157.654132703447,77581.38105330816,14
2000-10-17,78733.24727767336,78733.24727767336,0
2000-10-18,9716.093890565511,78458.2785390793,7
2000-10-19,9716.093890565511,79109.8603984295,7
2000-10-20,9716.093890565511,79077.22073354112,7
2000-10-23,9716.093890565511,78474.65457929956,7
2000-10-24,9716.093890565511,78385.72366704332,7
2000-10-25,9716.093890565511,81656.90986885416,7
2000-10-26,9716.093890565511,82666.06051768648,7
2000-10-27,9716.093890565511,83611.72342123376,7
2000-10-30,9716.093890565511,82978.01548518526,7
2000-10-31,9716.093890565511,83876.43331231462,7
2000-11-01,9716.093890565511,85654.5621580063,7
2000-11-02,9716.093890565511,86713.34015836107,7
2000-11-03,9716.093890565511,88559.81885613786,7
2000-11-06,9716.093890565511,87570.11019529687,7
2000-11-07,87897.34856233942,87897.34856233942,0
2000-11-08,14636.735438075655,87605.47360965311,3
2000-11-09,2631.71812381693,87473.47588434168,7
2000-11-10,2611.517705302519,89654.6569876483,7
2000-11-13,91715.0573074544,91715.0573074544,0
2000-11-14,91715.0573074544,91715.0573074544,0
2000-11-15,4284.024751695118,91000.67726531836,7
2000-11-16,4263.377929668064,91602.26817903959,7
2000-11-17,91497.6631990391,91497.6631990391,0
2000-11-20,91497.6631990391,91497.6631990391,0
2000-11-21,91497.6631990391,91497.6631990391,0
2000-11-22,91497.6631990391,91497.6631990391,0
2000-11-23,91497.6631990391,91497.6631990391,0
2000-11-24,15828.255502565029,91196.19145522846,3
2000-11-27,15828.255502565029,92743.88319860233,3
2000-11-28,3965.524775480052,92272.00162587049,7
2000-11-29,3944.499423849007,92032.07481621446,7
2000-11-30,3923.474072217962,93117.18657433988,7
2000-12-01,92991.94846293071,92991.94846293071,0
2000-12-04,92991.94846293071,92991.94846293071,0
2000-12-05,92991.94846293071,92991.94846293071,0
2000-12-06,16744.576362436324,92688.17407209208,3
2000-12-07,16744.576362436324,92814.5494573765,3
2000-12-08,4570.381916360926,92961.47315223701,7
2000-12-11,4549.336418447621,90870.20120531095,7
2000-12-12,4528.290920534317,89638.1713190462,7
2000-12-13,4507.245422621012,86551.06571104073,7
2000-12-14,86747.88733477617,86747.88733477617,0
2000-12-15,16999.299873432403,86470.00451620508,3
2000-12-18,4196.273554339185,85717.36578912952,7
2000-12-19,88169.9058727863,88169.9058727863,0
2000-12-20,17709.487639811297,87889.18707504537,3
2000-12-21,17709.487639811297,87332.13746681478,3
2000-12-22,11335.831777709729,84865.72606416345,6
2000-12-25,11318.324660022481,84848.2189464762,6
2000-12-26,86217.96262580846,86217.96262580846,0
2000-12-27,86217.96262580846,86217.96262580846,0
2000-12-28,15505.626238904697,85936.24017008374,3
2000-12-29,15505.626238904697,87756.21563776562,3
2001-01-01,15505.626238904697,88060.12172373364,3
2001-01-02,15505.626238904697,88161.7495323045,3
2001-01-03,3774.0754576867657,88542.2013642138,7
2001-01-04,3753.892570566164,89592.2205920329,7
2001-01-05,3733.7096834455624,87981.1148060237,7
2001-01-08,3713.5267963249607,86632.38501720023,7
2001-01-09,85439.59413294434,85439.59413294434,0
2001-01-10,1939.5292756806805,84757.33317699541,7
2001-01-11,1919.810750942272,83927.019618969,7
2001-01-12,1900.0922262038637,83195.11670153994,7
2001-01-15,79023.55269750113,79023.55269750113,0
2001-01-16,2025.9795014978542,78394.42219342005,18
2001-01-17,77287.80664951765,77287.80664951765,0
2001-01-18,77287.80664951765,77287.80664951765,0
2001-01-19,2418.5502399790475,76676.06616121413,18
2001-01-22,74472.94698471477,74472.94698471477,0
2001-01-23,74472.94698471477,74472.94698471477,0
2001-01-24,74472.94698471477,74472.94698471477,0
2001-01-25,74472.94698471477,74472.94698471477,0
2001-01-26,74472.94698471477,74472.94698471477,0
2001-01-29,74472.94698471477,74472.94698471477,0
2001-01-30,5105.9752090780985,74196.58454736164,8
2001-01-31,5105.9752090780985,74209.603667578,8
2001-02-01,1355.702480740454,72671.27832705488,16
2001-02-02,70583.48423099605,70583.48423099605,0
2001-02-05,688.2762700554644,70012.38561590879,17
2001-02-06,671.7705297350228,70245.31266956322,17
2001-02-07,70453.01277618259,70453.01277618259,0
2001-02-08,70453.01277618259,70453.01277618259,0
2001-02-09,70453.01277618259,70453.01277618259,0
2001-02-12,70453.01277618259,70453.01277618259,0
2001-02-13,70453.01277618259,70453.01277618259,0
2001-02-14,70453.01277618259,70453.01277618259,0
2001-02-15,341.666982924864,70173.6847052931,8
2001-02-16,341.666982924864,69026.88485125295,8
2001-02-19,341.666982924864,69032.43627694837,8
2001-02-20,341.666982924864,68764.92524675123,8
2001-02-21,341.666982924864,68117.71878973237,8
2001-02-22,341.666982924864,67176.59191576234,8
2001-02-23,341.666982924864,65865.244576013,8
2001-02-26,341.666982924864,65673.7718735098,8
2001-02-27,341.666982924864,65368.50578883879,8
2001-02-28,341.666982924864,65677.78493551008,8
2001-03-01,341.666982924864,66178.03126338712,8
2001-03-02,341.666982924864,65995.16605881444,8
2001-03-05,7278.643486831114,64299.69606683008,7
2001-03-06,7278.643486831114,64299.69606683008,7
2001-03-07,7278.643486831114,64170.563265654964,7
2001-03-08,7278.643486831114,64250.82952008001,7
2001-03-09,14177.584572994634,62923.686507427614,6
2001-03-12,20486.974206600593,60780.27810636561,5
2001-03-13,4626.231199652121,59567.59053125994,7
2001-03-14,4626.231199652121,59977.04136624949,7
2001-03-15,4626.231199652121,61481.17519429343,7
2001-03-16,4626.231199652121,61117.71808365004,7
2001-03-19,4626.231199652121,60449.62951424735,7
2001-03-20,4626.231199652121,60129.56115594523,7
2001-03-21,4626.231199652121,60321.065692454744,7
2001-03-22,4626.231199652121,60201.533750802446,7
2001-03-23,4626.231199652121,58898.20520010607,7
2001-03-26,4626.231199652121,58997.874509006906,7
2001-03-27,4626.231199652121,59962.74063697474,7
2001-03-28,4626.231199652121,60896.409570008684,7
2001-03-29,4626.231199652121,61362.370967060495,7
2001-03-30,1375.6408208377943,58892.509901381316,15
2001-04-02,1361.9463281995695,62338.512399709885,15
2001-04-03,60201.84703534526,60201.84703534526,0
2001-04-04,123.65386425131601,59962.491684066,10
2001-04-05,123.65386425131601,59962.491684066,10
2001-04-06,123.65386425131601,59443.22774945373,10
2001-04-09,123.65386425131601,59381.34826170081,10
2001-04-10,4895.9044224941135,59305.796500893775,9
2001-04-11,4895.9044224941135,57617.91838976974,9
2001-04-12,4895.9044224941135,57404.93944904441,9
2001-04-13,4895.9044224941135,57404.93944904441,9
2001-04-16,4895.9044224941135,58215.06975504989,9
2001-04-17,4895.9044224941135,59470.30068704719,9
2001-04-18,4895.9044224941135,61604.42254373664,9
2001-04-19,4895.9044224941135,60915.899392338935,9
2001-04-20,4895.9044224941135,61939.4724595272,9
2001-04-23,4895.9044224941135,61872.259738894645,9
2001-04-24,4895.9044224941135,62269.7741236412,9
2001-04-25,4895.9044224941135,62134.24425360793,9
2001-04-26,4895.9044224941135,61868.738049718086,9
2001-04-27,4895.9044224941135,60679.37393519515,9
2001-04-30,4895.9044224941135,60951.73983094329,9
2001-05-01,16131.269741530508,60371.91151099929,15
2001-05-02,6756.551129892595,58606.104479625945,24
2001-05-03,6743.806293186588,58674.67580884401,24
2001-05-04,6731.061456480581,57155.45954505499,24
2001-05-07,8360.522617150242,56198.68275373071,23
2001-05-08,55101.6475698089,55101.6475698089,0
2001-05-09,2555.6332951840786,54892.300899392074,10
2001-05-10,2555.6332951840786,54916.354776388114,10
2001-05-11,2555.6332951840786,55006.266645794814,10
2001-05-14,55404.22154722399,55404.22154722399,0
2001-05-15,55404.22154722399,55404.22154722399,0
2001-05-16,55404.22154722399,55404.22154722399,0
2001-05-17,55404.22154722399,55404.22154722399,0
2001-05-18,55404.22154722399,55404.22154722399,0
2001-05-21,2653.4155159816346,55194.058973394356,10
2001-05-22,2653.4155159816346,55701.156371317826,10
2001-05-23,2653.4155159816346,56155.05044003578,10
2001-05-24,2653.4155159816346,55733.907166801415,10
2001-05-25,2653.4155159816346,55058.78067144009,10
2001-05-28,2653.4155159816346,55719.53863128277,10
2001-05-29,2653.4155159816346,56010.409329734764,10
2001-05-30,2653.4155159816346,56434.623765550576,10
2001-05-31,2653.4155159816346,56057.85823365303,10
2001-06-01,2653.4155159816346,56046.841173373185,10
2001-06-04,2653.4155159816346,55613.786239348374,10
2001-06-05,2653.4155159816346,54271.226818166695,10
2001-06-06,19.58114854999394,54154.070731923064,12
2001-06-07,19.58114854999394,53726.20249657341,12
2001-06-08,19.58114854999394,54171.457618519744,12
2001-06-11,19.58114854999394,54785.13327126213,12
2001-06-12,19.58114854999394,55193.16151623436,12
2001-06-13,19.58114854999394,55632.18150560566,12
2001-06-14,19.58114854999394,55026.07582573601,12
2001-06-15,19.58114854999394,54017.291476890525,12
2001-06-18,19.58114854999394,52697.91893737026,12
2001-06-19,19.58114854999394,53074.30810432144,12
2001-06-20,53303.59902238079,53303.59902238079,0
2001-06-21,53303.59902238079,53303.59902238079,0
2001-06-22,53303.59902238079,53303.59902238079,0
2001-06-25,53303.59902238079,53303.59902238079,0
2001-06-26,53303.59902238079,53303.59902238079,0
2001-06-27,21474.19977207706,53176.788666801905,24
2001-06-28,21474.19977207706,53091.747857766604,24
2001-06-29,21474.19977207706,53060.76158412025,24
2001-07-02,21474.19977207706,53248.328474359965,24
2001-07-03,21474.19977207706,52456.568683462596,24
2001-07-04,52124.14869765662,52124.14869765662,0
2001-07-05,18305.82491175747,51989.41433994389,26
2001-07-06,18305.82491175747,51751.58471338368,26
2001-07-09,18305.82491175747,51715.367370053296,26
2001-07-10,49520.259163300514,52036.16776935291,2
2001-07-11,18537.97519400454,51897.27759375906,26
2001-07-12,18537.97519400454,52339.14616051054,26
2001-07-13,18537.97519400454,52560.654195812705,26
2001-07-16,49777.367912783615,52416.37990094661,2
2001-07-17,49777.367912783615,52427.792571558944,2
2001-07-18,49777.367912783615,52435.29336954593,2
2001-07-19,52423.66660966491,52423.66660966491,0
2001-07-20,51113.365759031265,52412.960425035446,2
2001-07-23,19788.24480966611,52396.36946884675,26
2001-07-24,51036.84525686639,52420.5255270614,2
2001-07-25,51036.535829564964,52279.657013675605,2
2001-07-26,51036.226402263535,52232.30734394063,2
2001-07-27,19848.66140747774,52138.91134823072,26
2001-07-30,21120.267216010456,52411.301303310756,24
2001-07-31,52625.096863856204,52625.096863856204,0
2001-08-01,36857.42627872912,52496.262640494984,24
2001-08-02,52199.34182401149,52199.34182401149,0
2001-08-03,52199.34182401149,52199.34182401149,0
2001-08-06,52199.34182401149,52199.34182401149,0
2001-08-07,19747.210367315747,52064.57608770702,26
2001-08-08,21018.28799597309,51875.52541319416,24
2001-08-09,21018.28799597309,51807.223339357835,24
2001-08-10,21018.28799597309,51641.437142887575,24
2001-08-13,21018.28799597309,51645.493201055986,24
2001-08-14,21018.28799597309,51703.55969850109,24
2001-08-15,21018.28799597309,51703.55969850109,24
2001-08-16,21018.28799597309,51605.09455958889,24
2001-08-17,21018.28799597309,51683.48273805664,24
2001-08-20,21018.28799597309,51364.10869661854,24
2001-08-21,51274.96017869136,51274.96017869136,0
2001-08-22,19378.788776099038,51142.50312167342,26
2001-08-23,19378.485281737485,51274.46155515496,26
2001-08-24,49777.815772153364,51133.42946860932,2
2001-08-27,35778.85278919024,50950.32659175677,24
2001-08-28,35775.24053352298,51008.9870805067,24
2001-08-29,35771.628277855714,51045.04329426845,24
2001-08-30,51103.924885815475,51103.924885815475,0
2001-08-31,19406.44640962464,50972.262073856415,26
2001-09-03,19406.14306415823,50771.56325979736,26
2001-09-04,19405.83971869182,50862.66714101266,26
2001-09-05,50922.92184328317,50922.92184328317,0
2001-09-06,35677.338744128814,50798.35348376142,24
2001-09-07,35673.738502524124,50859.8203486421,24
2001-09-10,50694.243460354555,50694.243460354555,0
2001-09-11,50694.243460354555,50694.243460354555,0
2001-09-12,35519.5649360032,50570.25444676589,24
2001-09-13,35515.98143850063,50890.309531850566,24
2001-09-14,35512.39794099807,52514.47849423169,24
2001-09-17,54128.28370106887,54128.28370106887,0
2001-09-18,54128.28370106887,54128.28370106887,0
2001-09-19,37956.29394426379,53996.14587327275,24
2001-09-20,37952.474931899735,54491.92366791172,24
2001-09-21,37948.65591953568,55393.30937175326,24
2001-09-24,37944.83690717163,54913.61002274694,24
2001-09-25,54716.05636870995,54716.05636870995,0
2001-09-26,5971.912022464657,54317.77851616659,8
2001-09-27,52674.770120078945,52674.770120078945,0
2001-09-28,50044.2259288186,52664.28986433687,2
2001-10-01,50044.2259288186,52657.99871722402,2
2001-10-02,50044.2259288186,52657.99871722402,2
2001-10-03,34245.35560225839,52554.477148705664,26
2001-10-04,34241.62470197819,52158.22182864092,26
2001-10-05,34237.89380169799,51987.805925914545,26
2001-10-08,49466.20992537333,52115.80973692729,2
2001-10-09,49466.20992537333,52210.30682321383,2
2001-10-10,49466.20992537333,52240.403319557445,2
2001-10-11,49466.20992537333,52249.25958998992,2
2001-10-12,52188.80648130251,52188.80648130251,0
2001-10-15,49578.15191728903,52178.40546710326,2
2001-10-16,18460.678463656204,52130.687948066494,26
2001-10-17,18460.678463656204,52532.55878229787,26
2001-10-18,18460.678463656204,52384.208260852596,26
2001-10-19,21101.78153285195,52621.75767776181,24
2001-10-22,21101.78153285195,52908.88742992093,24
2001-10-23,52842.60133311773,52842.60133311773,0
2001-10-24,34315.53023774518,52702.29918475045,26
2001-10-25,49880.487723701386,52517.6970418624,2
2001-10-26,18607.026799788393,52393.10158001415,26
2001-10-29,18607.026799788393,52387.37451325885,26
2001-10-30,18607.026799788393,52038.122375001825,26
2001-10-31,18607.026799788393,52486.96114956371,26
2001-11-01,18607.026799788393,52877.47606288425,26
2001-11-02,18607.026799788393,53097.12892781726,26
2001-11-05,18607.026799788393,53033.153150072016,26
2001-11-06,51031.25752900784,53654.76514505093,2
2001-11-07,34957.858782084804,53495.22020605407,26
2001-11-08,34954.063051969344,53194.291408211524,26
2001-11-09,34950.267321853884,53049.43303301836,26
2001-11-12,37703.137974169455,52552.76956084033,24
2001-11-13,37699.342244053994,52501.5644550573,24
2001-11-14,38063.26371621586,52077.87543999649,23
2001-11-15,51330.157314467186,51330.157314467186,0
2001-11-16,20623.166621061064,51207.818706126905,24
2001-11-19,20623.166621061064,51924.1111358125,24
2001-11-20,20623.166621061064,51457.096248002745,24
2001-11-21,20623.166621061064,51787.499229284025,24
2001-11-22,20623.166621061064,51934.3430443723,24
2001-11-23,20623.166621061064,51726.09164628575,24
2001-11-26,20623.166621061064,52297.53591832707,24
2001-11-27,52055.22679235147,52055.22679235147,0
2001-11-28,52055.22679235147,52055.22679235147,0
2001-11-29,52055.22679235147,52055.22679235147,0
2001-11-30,36454.628167410694,51927.75767781337,24
2001-12-03,51445.328815245455,51445.328815245455,0
2001-12-04,20713.16589473279,51322.889919147805,24
2001-12-05,51765.653634973365,51765.653634973365,0
2001-12-06,18327.80589150174,51632.4351180671,26
2001-12-07,18327.80589150174,51726.572591292694,26
2001-12-10,18327.80589150174,52249.0708500026,26
2001-12-11,18327.80589150174,52133.97270523293,26
2001-12-12,20981.391252539946,51852.21468546231,24
2001-12-13,20981.391252539946,51464.52968003591,24
2001-12-14,20981.391252539946,51194.62219502767,24
2001-12-17,20981.391252539946,51194.62219502767,24
2001-12-18,20981.391252539946,51107.69665279229,24
2001-12-19,20981.391252539946,50500.395065687495,24
2001-12-20,20981.391252539946,50447.48800661405,24
2001-12-21,20981.391252539946,50174.07863476117,24
2001-12-24,20981.391252539946,49905.43551482995,24
2001-12-25,20981.391252539946,49905.43551482995,24
2001-12-26,49668.507154015395,49668.507154015395,0
2001-12-27,49668.507154015395,49668.507154015395,0
2001-12-28,20086.19963642678,49550.649355140544,24
2001-12-31,50346.7478035954,50346.7478035954,0
2002-01-01,20411.945324071734,50227.48564232239,24
2002-01-02,20411.945324071734,50348.12261749157,24
2002-01-03,20411.945324071734,50811.99175954708,24
2002-01-04,20411.945324071734,51124.53561485657,24
2002-01-07,51333.48362301813,51333.48362301813,0
2002-01-08,36015.69742248048,51208.325307583706,24
2002-01-09,36012.08013012687,51190.351239946285,24
2002-01-10,36008.462837773266,51233.04205258459,24
2002-01-11,36004.84554541966,51306.04280222317,24
2002-01-14,50193.56570774648,50193.56570774648,0
2002-01-15,32642.69305255349,50060.63946118291,26
2002-01-16,35093.35159051577,49783.32776057879,24
2002-01-17,35089.79796911526,49323.87960244465,24
2002-01-18,35086.244347714746,49393.921300315225,24
2002-01-21,35082.690726314235,49268.07950833862,24
2002-01-22,35079.13710491372,49302.58944158269,24
2002-01-23,35075.58348351321,49329.86764710746,24
2002-01-24,49325.17949751794,49325.17949751794,0
2002-01-25,49325.17949751794,49325.17949751794,0
2002-01-28,19893.115743748054,49207.92027937542,24
2002-01-29,49142.07431060636,49142.07431060636,0
2002-01-30,19796.16521350372,49025.15833810794,24
2002-01-31,19796.16521350372,49230.06807879436,24
2002-02-01,49789.70589328896,49789.70589328896,0
2002-02-04,49789.70589328896,49789.70589328896,0
2002-02-05,17653.527494655,49661.67331002747,26
2002-02-06,17653.527494655,51028.052178726546,26
2002-02-07,20095.48107386338,50743.29508627164,24
2002-02-08,20095.48107386338,51007.2283227514,24
2002-02-11,20095.48107386338,51808.63001967179,24
2002-02-12,20095.48107386338,51745.9150002073,24
2002-02-13,20095.48107386338,52203.310823686,24
2002-02-14,21914.073324015968,52799.94034962975,23
2002-02-15,21914.073324015968,52801.20043759667,23
2002-02-18,21914.073324015968,53084.6841495546,23
2002-02-19,21914.073324015968,52476.9878373655,23
2002-02-20,23680.90638445603,52701.57325934159,22
2002-02-21,23680.90638445603,52989.687601792684,22
2002-02-22,25419.950024211277,53441.54454382645,21
2002-02-25,29001.620060670248,53737.790429341665,19
2002-02-26,22285.268532904018,54253.58629599415,24
2002-02-27,22285.268532904018,53717.979175480235,24
2002-02-28,22285.268532904018,52456.239801796306,24
2002-03-01,22285.268532904018,53326.06509533726,24
2002-03-04,22285.268532904018,53621.76751700245,24
2002-03-05,53248.05335478914,53248.05335478914,0
2002-03-06,34654.57969695244,53107.15478747997,26
2002-03-07,34650.810693191364,52632.8788605202,26
2002-03-08,34647.04168943029,52586.15556803804,26
2002-03-11,34643.27268566922,52956.85657336548,26
2002-03-12,50731.739241689946,53152.18994912555,2
2002-03-13,53188.160199924736,53188.160199924736,0
2002-03-14,50546.450242153434,53177.63545905712,2
2002-03-15,18870.04913140038,53069.76677633027,26
2002-03-18,50466.261222027104,53061.7810689433,2
2002-03-19,50466.261222027104,53028.0296098216,2
2002-03-20,18904.66915614441,52855.47844297722,26
2002-03-21,50146.30445813969,52632.68396282032,2
2002-03-22,21219.961786278043,52513.98442030743,24
2002-03-25,21219.961786278043,52513.98442030743,24
2002-03-26,21219.961786278043,52134.40018845395,24
2002-03-27,21219.961786278043,52379.59914017514,24
2002-03-28,21219.961786278043,52577.743557937894,24
2002-03-29,21219.961786278043,52577.743557937894,24
2002-04-01,21219.961786278043,53272.610862739835,24
2002-04-02,21219.961786278043,53296.91488648251,24
2002-04-03,21219.961786278043,53260.71857024029,24
2002-04-04,21219.961786278043,53728.45359707669,24
2002-04-05,21219.961786278043,53956.85557986096,24
2002-04-08,21219.961786278043,54038.77327729062,24
2002-04-09,21219.961786278043,53670.93394852475,24
2002-04-10,21219.961786278043,53665.019829281126,24
2002-04-11,21219.961786278043,54031.16750765637,24
2002-04-12,21219.961786278043,54096.03110791043,24
2002-04-15,21219.961786278043,53636.613443382535,24
2002-04-16,21219.961786278043,53319.3140745242,24
2002-04-17,53449.40476007298,53449.40476007298,0
2002-04-18,50795.91505242375,53438.83308793095,2
2002-04-19,18839.29671880463,53246.477427451406,26
2002-04-22,18839.29671880463,53074.228306739125,26
2002-04-23,18839.29671880463,53342.644978730474,26
2002-04-24,18839.29671880463,53745.93940898636,26
2002-04-25,18839.29671880463,53536.5609190152,26
2002-04-26,18839.29671880463,53530.321330277715,26
2002-04-29,18839.29671880463,53128.00181361893,26
2002-04-30,18839.29671880463,53700.94550868729,26
2002-05-01,50909.82080714634,53573.628304170874,2
2002-05-02,34850.699530722246,53401.01318133031,26
2002-05-03,50578.31572788103,53171.50929897173,2
2002-05-06,18822.96039836749,53014.553793600644,26
2002-05-07,21375.407187452878,53262.78058718737,24
2002-05-08,21375.407187452878,53441.254939308725,24
2002-05-09,53406.870499601915,53406.870499601915,0
2002-05-10,21589.89034487111,53280.10962249142,24
2002-05-13,21589.89034487111,53335.54836489064,24
2002-05-14,21589.89034487111,53415.015135539594,24
2002-05-15,21589.89034487111,53108.79131223065,24
2002-05-16,21589.89034487111,52864.04876519543,24
2002-05-17,21589.89034487111,52708.98259736401,24
2002-05-20,21589.89034487111,51978.41163898808,24
2002-05-21,21589.89034487111,51239.18122555119,24
2002-05-22,21589.89034487111,51198.22373439175,24
2002-05-23,22625.552949969835,50787.59921986348,23
2002-05-24,22625.552949969835,51639.24874598271,23
2002-05-27,22625.552949969835,51488.601472203794,23
2002-05-28,50596.74155477196,50596.74155477196,0
2002-05-29,50596.74155477196,50596.74155477196,0
2002-05-30,50596.74155477196,50596.74155477196,0
2002-05-31,17998.48959871536,50466.8680410028,26
2002-06-03,48491.971110546656,50972.11399050958,2
2002-06-04,18170.7069055105,50844.51951375253,26
2002-06-05,18170.7069055105,51843.105311062405,26
2002-06-06,18170.7069055105,51950.22657456643,26
2002-06-07,51238.429895418725,51238.429895418725,0
2002-06-10,35906.11424033851,51113.15286295623,24
2002-06-11,50130.89488275642,50130.89488275642,0
2002-06-12,50130.89488275642,50130.89488275642,0
2002-06-13,32690.18821021419,49998.860898221545,26
2002-06-14,32686.660160001662,50043.60153907194,26
2002-06-17,35163.907687723426,49706.29865938404,24
2002-06-18,49953.25867563847,49953.25867563847,0
2002-06-19,47452.56300906208,49943.29574469593,2
2002-06-20,32581.13590482433,49859.576871192054,26
2002-06-21,35077.77249833283,49876.27516242203,24
2002-06-24,35074.260613596554,49643.97186533224,24
2002-06-25,35070.74872886028,49791.83190475788,24
2002-06-26,35067.236844124,50070.23135453622,24
2002-06-27,35063.72495938773,49892.321919693895,24
2002-06-28,49469.48716932389,49469.48716932389,0
2002-07-01,484.25324943658916,49274.32687482235,40
2002-07-02,484.25324943658916,49618.286162108154,40
2002-07-03,484.25324943658916,49661.83962866661,40
2002-07-04,26563.600763423172,50094.38595483991,19
2002-07-05,541.0024397194081,50209.73042080995,40
2002-07-08,541.0024397194081,50603.95705823299,40
2002-07-09,541.0024397194081,50488.36769942638,40
2002-07-10,541.0024397194081,50099.21686260101,40
2002-07-11,541.0024397194081,49476.313387197224,40
2002-07-12,541.0024397194081,49671.3377470195,40
2002-07-15,541.0024397194081,49354.3872321665,40
2002-07-16,541.0024397194081,48949.74520580169,40
2002-07-17,541.0024397194081,48164.03828550574,40
2002-07-18,23305.771261990518,48612.86215525911,21
2002-07-19,23305.771261990518,48506.67184907243,21
2002-07-22,23305.771261990518,47943.162258923505,21
2002-07-23,23305.771261990518,48071.483807862256,21
2002-07-24,23305.771261990518,47670.993439496015,21
2002-07-25,47484.55633205126,47484.55633205126,0
2002-07-26,6273.523600824556,47266.24097473957,46
2002-07-29,19874.12569005939,47859.954553680145,24
2002-07-30,47436.293009446825,47436.293009446825,0
2002-07-31,45079.78065077373,47426.90451399395,2
2002-08-01,34463.79360996554,47254.94767724345,22
2002-08-02,34460.74809709238,47387.15032127546,22
2002-08-05,34457.702584219216,47107.40963859582,22
2002-08-06,34454.65707134605,46902.16286694408,22
2002-08-07,46609.066804795984,46609.066804795984,0
2002-08-08,18834.628623014225,46498.411672597664,24
2002-08-09,18834.628623014225,46781.59679365708,24
2002-08-12,18834.628623014225,46881.0214946325,24
2002-08-13,46936.682079177626,46936.682079177626,0
2002-08-14,41729.2845488813,46915.93547547127,5
2002-08-15,307.44791211511364,46704.59064363267,50
2002-08-16,39088.37603839781,46613.455130423565,7
2002-08-19,379.67306474812744,46447.53898946413,50
2002-08-20,377.0746283394317,46597.85163335624,50
2002-08-21,374.4761919307359,46683.01158373829,50
2002-08-22,371.87775552204016,46854.80829167297,50
2002-08-23,369.2793191133444,46969.767713016125,50
2002-08-26,11064.093656442255,46960.207555911635,31
2002-08-27,11064.093656442255,46584.569330117796,31
2002-08-28,38661.302140189735,46438.63674826774,7
2002-08-29,16531.751081163973,46338.70846503505,26
2002-08-30,16531.751081163973,46752.261818106264,26
2002-09-02,16531.751081163973,46924.94780057201,26
2002-09-03,16531.751081163973,46689.922714407534,26
2002-09-04,44282.789811746195,46584.66870083006,2
2002-09-05,16504.637369222244,46524.96743685682,26
2002-09-06,16504.637369222244,46070.243689603405,26
2002-09-09,17383.76247707518,45735.39241043242,25
2002-09-10,17383.76247707518,45735.39241043242,25
2002-09-11,17383.76247707518,45779.761004602035,25
2002-09-12,43479.366447923276,45819.78264856109,2
2002-09-13,3712.3324823926027,45547.653403985016,49
2002-09-16,17407.401297986326,45600.6512835322,25
2002-09-17,17407.401297986326,45761.93485843372,25
2002-09-18,17407.401297986326,45614.214251063575,25
2002-09-19,17407.401297986326,45200.50857736152,25
2002-09-20,17407.401297986326,45219.22837720048,25
2002-09-23,17407.401297986326,45186.76696560513,25
2002-09-24,17407.401297986326,45041.925921335634,25
2002-09-25,42681.042643713154,44962.301921056904,2
2002-09-26,720.5437337956251,44728.948725113165,54
2002-09-27,17657.38570488582,44465.52007402072,24
2002-09-30,17657.38570488582,44136.51427234302,24
2002-10-01,17657.38570488582,43991.94641984592,24
2002-10-02,17657.38570488582,43991.94641984592,24
2002-10-03,17657.38570488582,44000.67375768314,24
2002-10-04,17657.38570488582,44012.593530308106,24
2002-10-07,17657.38570488582,44328.87717903743,24
2002-10-08,44377.270866963714,44377.270866963714,0
2002-10-09,31134.239595421048,44269.06492496321,24
2002-10-10,44183.9375125601,44183.9375125601,0
2002-10-11,27009.817228502186,44052.73555874691,30
2002-10-14,39383.58083245993,43954.79788110495,7
2002-10-15,39383.015718901835,43954.232767546855,7
2002-10-16,41747.77071836777,43975.59803131409,2
2002-10-17,41747.77071836777,43974.28346613236,2
2002-10-18,26707.29354509979,43862.05686866015,30
2002-10-21,26703.74173922125,43927.544008039265,30
2002-10-22,26700.189933342706,44500.744495181214,30
2002-10-23,39570.327194259975,44435.58958487353,7
2002-10-24,28954.27742855737,44275.090638925525,26
2002-10-25,42457.13949170585,44533.75002923484,2
2002-10-28,11048.92667652126,44373.42645312305,31
2002-10-29,13092.630276405293,44696.47619816013,29
2002-10-30,13092.630276405293,44659.808002674064,29
2002-10-31,13092.630276405293,45055.44555112072,29
2002-11-01,13092.630276405293,45285.89830824085,29
2002-11-04,40677.509588805166,45553.31008395287,5
2002-11-05,39.03923757811252,45297.085890755705,52
2002-11-06,4850.643371222885,45274.936211610555,47
2002-11-07,4847.695037544355,45217.36449593736,47
2002-11-08,17232.34373179637,45212.59837994166,25
2002-11-11,45123.530117673734,45123.530117673734,0
2002-11-12,45123.530117673734,45123.530117673734,0
2002-11-13,40270.22790363107,45104.19425227914,5
2002-11-14,40270.22790363107,45150.13820483957,5
2002-11-15,26777.35495449447,45102.81075955772,29
2002-11-18,26774.16861506474,44853.045967540864,29
2002-11-19,26770.98227563501,44849.85962811113,29
2002-11-20,26767.795936205282,44855.27648387183,29
2002-11-21,39607.371493952174,44822.44058956375,5
2002-11-22,29120.43280514298,44641.17855390129,26
2002-11-25,42082.399934407826,44347.96431600725,2
2002-11-26,222.2146003029195,44170.776478965476,40
2002-11-27,222.2146003029195,43926.83731320937,40
2002-11-28,222.2146003029195,44348.79350340058,40
2002-11-29,222.2146003029195,44451.826201517775,40
2002-12-02,22345.76747364697,44993.703085371824,20
2002-12-03,22345.76747364697,44676.29026741681,20
2002-12-04,22345.76747364697,44567.8016523808,20
2002-12-05,22345.76747364697,44669.16702360806,20
2002-12-06,22345.76747364697,45129.97116465268,20
2002-12-09,22345.76747364697,44908.38034577069,20
2002-12-10,22345.76747364697,44705.43042511639,20
2002-12-11,22345.76747364697,44936.83672280011,20
2002-12-12,22345.76747364697,45108.74856323895,20
2002-12-13,22345.76747364697,45292.325320193144,20
2002-12-16,22345.76747364697,45291.053617426725,20
2002-12-17,22345.76747364697,45246.75470108685,20
2002-12-18,24757.093004061553,45493.759189917415,18
2002-12-19,4931.879090506464,45375.70230160642,47
2002-12-20,17892.657396062405,45483.912546380554,24
2002-12-23,45317.799468307036,45317.799468307036,0
2002-12-24,32381.679318350984,45212.10123064859,23
2002-12-25,32378.624455990914,45209.04636828852,23
2002-12-26,32375.569593630844,45010.99285768356,23
2002-12-27,32372.514731270774,45046.47317623491,23
2002-12-30,32369.459868910704,45018.6916680997,23
2002-12-31,32366.405006550634,44923.751223612955,23
2003-01-01,32651.5147649882,44747.066309229805,22
2003-01-02,44638.68867709883,44638.68867709883,0
2003-01-03,15839.751906014979,44523.951877214015,26
2003-01-06,15839.751906014979,44300.98899183422,26
2003-01-07,17943.183292275964,44327.492436296045,24
2003-01-08,17943.183292275964,44489.74431360394,24
2003-01-09,17943.183292275964,44822.36281908184,24
2003-01-10,44561.13743774945,44561.13743774945,0
2003-01-13,14392.03713338901,44425.88013594676,31
2003-01-14,14391.187586771457,44494.077740179506,31
2003-01-15,14390.338040153903,44579.87256745569,31
2003-01-16,43394.873288028975,44493.515335911055,2
2003-01-17,30067.414845061074,44357.09732182003,26
2003-01-20,44462.07824084355,44462.07824084355,0
2003-01-21,30720.540067234313,44349.79910685052,25
2003-01-22,30717.295005558222,44304.45110646279,25
2003-01-23,43305.988617703195,44363.71749953913,2
2003-01-24,39403.64224845957,44422.77879077982,5
2003-01-27,10746.399791630502,44208.97426596522,31
2003-01-28,12947.174560578103,44425.74236396098,29
2003-01-29,12947.174560578103,44193.05331614756,29
2003-01-30,17943.70257716822,44071.53674035716,24
2003-01-31,17943.70257716822,44206.903198296306,24
2003-02-03,17943.70257716822,44434.57134395289,24
2003-02-04,17943.70257716822,44423.63819461512,24
2003-02-05,17943.70257716822,44330.50474029231,24
2003-02-06,17943.70257716822,44653.831448132274,24
2003-02-07,17943.70257716822,44624.144249970195,24
2003-02-10,17943.70257716822,44347.94993692088,24
2003-02-11,17943.70257716822,44314.269822174785,24
2003-02-12,17943.70257716822,44263.2403688972,24
2003-02-13,17943.70257716822,44263.2403688972,24
2003-02-14,17943.70257716822,44048.66667991328,24
2003-02-17,44480.66910364221,44480.66910364221,0
2003-02-18,18123.375473629265,44370.98719842317,25
2003-02-19,19283.78044267681,44564.137036106855,23
2003-02-20,19283.78044267681,44548.08193417575,23
2003-02-21,19283.78044267681,44746.17160545971,23
2003-02-24,19283.78044267681,44819.8896750578,23
2003-02-25,19283.78044267681,44632.69613756922,23
2003-02-26,19283.78044267681,44541.698959655434,23
2003-02-27,19283.78044267681,44702.057239882015,23
2003-02-28,19283.78044267681,44849.5778924444,23
2003-03-03,19283.78044267681,44759.524788520604,23
2003-03-04,19283.78044267681,44376.97905508366,23
2003-03-05,19283.78044267681,44285.70713534143,23
2003-03-06,19283.78044267681,44211.09567096022,23
2003-03-07,19283.78044267681,43751.59141238716,23
2003-03-10,19283.78044267681,43551.88055913833,23
2003-03-11,19283.78044267681,43692.75893660572,23
2003-03-12,43639.32191557934,43639.32191557934,0
2003-03-13,18745.862333522316,43540.14478577035,23
2003-03-14,18745.862333522316,43540.14478577035,23
2003-03-17,18745.862333522316,43281.126163159635,23
2003-03-18,18745.862333522316,43281.126163159635,23
2003-03-19,18745.862333522316,43358.36323029655,23
2003-03-20,18745.862333522316,43722.46403541523,23
2003-03-21,43551.90374692244,43551.90374692244,0
2003-03-24,41045.40468846747,43531.42368565985,5
2003-03-25,414.13917979988173,43379.990772787656,40
2003-03-26,21901.074545059055,43447.103254180096,20
2003-03-27,42128.4472435449,43161.447960707985,1
2003-03-28,37207.303623801556,43276.570128089275,6
2003-03-31,775.81132613519,42922.56154281856,40
2003-04-01,775.81132613519,43146.96511740075,40
2003-04-02,775.81132613519,43718.06656001532,40
2003-04-03,775.81132613519,44113.03214349994,40
2003-04-04,21611.21331747844,44327.27397450282,21
2003-04-07,21611.21331747844,44762.20971783473,21
2003-04-08,21611.21331747844,44703.30580910518,21
2003-04-09,21611.21331747844,44485.45373972728,21
2003-04-10,22397.607221973678,44061.92238320186,20
2003-04-11,22397.607221973678,43996.5452150233,20
2003-04-14,23032.942643162034,42503.72550201061,18
2003-04-15,11485.337965825405,42317.49599629065,29
2003-04-16,11485.337965825405,42290.571531141,29
2003-04-17,11485.337965825405,42168.10060256143,29
2003-04-18,11485.337965825405,42294.72176783701,29
2003-04-21,11485.337965825405,42343.93231096288,29
2003-04-22,17166.71892278799,42301.07478139707,24
2003-04-23,27986.829192895264,42361.98354199883,14
2003-04-24,112.3465821723191,42294.95876663725,41
2003-04-25,640.4466624716965,42305.758128047986,40
2003-04-28,1728.6333785895554,42240.61355862956,39
2003-04-29,1728.6333785895554,42417.34283600192,39
2003-04-30,1728.6333785895554,42503.92565126161,39
2003-05-01,1728.6333785895554,42679.7125718091,39
2003-05-02,3558.1432216834273,42987.02740495615,37
2003-05-05,3558.1432216834273,43383.31508026235,37
2003-05-06,15653.127361719708,43772.83618844042,26
2003-05-07,36240.78212284003,43791.91106056128,7
2003-05-08,20557.87780831175,43506.42605011145,30
2003-05-09,33400.95788786354,43429.485809739475,18
2003-05-12,23786.860582141122,43214.20069268151,20
2003-05-13,24847.55274379124,43362.51198756565,18
2003-05-14,19012.454429758975,43502.05704913128,29
2003-05-15,19331.65426748288,43412.5457923044,28
2003-05-16,25275.622170426974,43414.787671783095,16
2003-05-19,31.562351981134288,43231.29367787573,40
2003-05-20,31.44994266193786,43473.35766859215,40
2003-05-21,501.97016971271916,43667.899216462785,39
2003-05-22,501.97016971271916,43666.04271702927,39
2003-05-23,501.97016971271916,44100.89072029751,39
2003-05-26,2083.552999569592,44965.8277396993,38
2003-05-27,2083.552999569592,44711.708400620635,38
2003-05-28,17419.466329263505,44884.959898399175,24
2003-05-29,17419.466329263505,45350.65460150129,24
2003-05-30,17419.466329263505,45601.71270577794,24
2003-06-02,17419.466329263505,45746.349963115514,24
2003-06-03,17419.466329263505,45657.89495603925,24
2003-06-04,17419.466329263505,46044.10123269445,24
2003-06-05,17419.466329263505,46354.89913265592,24
2003-06-06,17419.466329263505,46526.52361290342,24
2003-06-09,17419.466329263505,46548.7660543192,24
2003-06-10,17419.466329263505,46302.776579545796,24
2003-06-11,17419.466329263505,46473.31809108144,24
2003-06-12,17419.466329263505,46782.15652935392,24
2003-06-13,17419.466329263505,46809.847286628545,24
2003-06-16,17419.466329263505,46811.377019809544,24
2003-06-17,17419.466329263505,47532.72640626317,24
2003-06-18,17419.466329263505,47744.469009326756,24
2003-06-19,17419.466329263505,47760.07623641378,24
2003-06-20,17419.466329263505,47924.944474624455,24
2003-06-23,17419.466329263505,47641.72781937009,24
2003-06-24,35825.397969605256,47415.12337815933,9
2003-06-25,10222.35541127051,47430.04350695933,33
2003-06-26,13730.846860049685,47561.11900949331,30
2003-06-27,14682.23925500818,48097.000930604416,28
2003-06-30,14682.23925500818,48697.92553323217,28
2003-07-01,16143.17647551294,48919.71734474893,27
2003-07-02,16143.17647551294,49448.233024942834,27
2003-07-03,31175.515445679626,49831.94755837342,15
2003-07-04,6754.329988425151,49607.035206710476,41
2003-07-07,6752.5628055852185,50078.5119688731,41
2003-07-08,11321.760900134812,50139.11576416589,37
2003-07-09,18841.19485237146,49869.04963352228,25
2003-07-10,18841.19485237146,50157.213330765015,25
2003-07-11,18841.19485237146,50251.04950000787,25
2003-07-14,18841.19485237146,50731.476306457764,25
2003-07-15,37697.138157833346,50288.77388285471,10
2003-07-16,24134.035447939914,50147.39405518738,29
2003-07-17,31541.576427123313,50218.61005776262,17
2003-07-18,24309.21738143881,50502.792912683086,23
2003-07-21,45676.24045909051,49855.253548270506,5
2003-07-22,25941.9651541984,49860.23714354395,25
2003-07-23,27030.350622509162,49922.67686993305,24
2003-07-24,32284.404688178904,49842.000813125975,15
2003-07-25,16910.085560878644,49822.70491310013,27
2003-07-28,20257.67240354527,49901.1674800228,24
2003-07-29,23524.00889159764,50079.17993639434,21
2003-07-30,23524.00889159764,50267.78234718765,21
2003-07-31,34543.17778741445,50538.72287457313,12
2003-08-01,6088.82635087556,50522.66504867784,42
2003-08-04,30784.490930106964,50875.75340583595,17
2003-08-05,41977.11042422501,50723.28587085453,14
2003-08-06,150.9118407184996,50684.54857436221,50
2003-08-07,11133.70391700291,50953.06452019387,32
2003-08-08,11133.70391700291,51497.2134335997,32
2003-08-11,30751.548454593896,51628.06892687085,17
2003-08-12,5781.371937119044,51438.23007392196,41
2003-08-13,12709.324101440943,51700.016957979984,31
2003-08-14,15727.800106171167,51593.825408178964,28
2003-08-15,15727.800106171167,51593.825408178964,28
2003-08-18,35164.57708799414,52161.493573229236,13
2003-08-19,14520.333214301378,51926.844223215936,43
2003-08-20,19395.31359721312,51689.822530578465,37
2003-08-21,19391.627235152635,51337.22244009456,37
2003-08-22,19387.94087309215,50853.57445575494,37
2003-08-25,19384.254511031664,51481.21901414112,37
2003-08-26,19380.56814897118,50903.64941929338,37
2003-08-27,19376.881786910693,50719.706071911256,37
2003-08-28,28067.17323345599,50956.253645910896,22
2003-08-29,32965.41490888629,51035.78136126358,13
2003-09-01,7818.461432051274,51263.30820645801,36
2003-09-02,9956.034511961552,51282.49954952723,32
2003-09-03,13117.134456320377,50648.82375235733,29
2003-09-04,29544.647722189067,66133.08856368506,28
2003-09-05,31431.84525641453,67016.58134922039,27
2003-09-08,33292.682916914106,68048.11327186693,26
2003-09-09,33292.682916914106,67708.49260530341,26
2003-09-10,33292.682916914106,67639.0968574034,26
2003-09-11,35578.62416358769,67735.6650176543,24
2003-09-12,35578.62416358769,67085.94482301653,24
2003-09-15,35578.62416358769,66428.32800265134,24
2003-09-16,35578.62416358769,67268.76930110634,24
2003-09-17,35578.62416358769,67107.31698735536,24
2003-09-18,36662.87350424015,66180.02140348041,23
2003-09-19,55392.08030335819,66478.01706202542,8
2003-09-22,20138.25622288839,66368.72130556361,21
2003-09-23,24341.95197104714,66091.45771908066,20
2003-09-24,24337.519859632524,64981.57481189635,20
2003-09-25,40823.36678285793,64587.44451700047,11
2003-09-26,497.7106994679266,64804.82074847725,16
2003-09-29,44806.88727371433,65576.88631241061,5
2003-09-30,353.6332993376527,65702.95431088093,16
2003-10-01,353.6332993376527,66917.41685103062,16
2003-10-02,353.6332993376527,66501.47427366856,16
2003-10-03,4810.808781637457,68101.85952164105,15
2003-10-06,539.8428142683779,69192.44361049107,16
2003-10-07,539.8428142683779,69419.51405650548,16
2003-10-08,539.8428142683779,69749.0822699683,16
2003-10-09,539.8428142683779,71295.81506377629,16
2003-10-10,6698.289835073737,72108.24309787968,15
2003-10-13,2191.9263139555724,72971.89745839336,16
2003-10-14,2191.9263139555724,71912.7956345866,16
2003-10-15,2191.9263139555724,71910.90852673748,16
2003-10-16,6553.960483145025,72241.16436417034,15
2003-10-17,2027.5516690886288,72346.65087577465,16
2003-10-20,2027.5516690886288,71470.83607646587,16
2003-10-21,2027.5516690886288,70263.49045797947,16
2003-10-22,2027.5516690886288,69929.11138579014,16
2003-10-23,2027.5516690886288,69415.5841879523,16
2003-10-24,2027.5516690886288,68555.87278792026,16
2003-10-27,2027.5516690886288,69626.83496996525,16
2003-10-28,39406.36423263004,68992.6804319327,7
2003-10-29,445.8584533102867,69261.8194718726,16
2003-10-30,445.8584533102867,70430.1567683585,16
2003-10-31,445.8584533102867,72417.90519861058,16
2003-11-03,445.8584533102867,74690.69257882908,16
2003-11-04,5507.513695497787,75191.25862385778,15
2003-11-05,2076.1862823927777,74859.91487717275,16
2003-11-06,2076.1862823927777,74233.17786085252,16
2003-11-07,6018.539147871294,73902.29830624418,15
2003-11-10,1649.6533171923547,74300.83279679135,16
2003-11-11,6303.151767845431,75113.02236282376,15
2003-11-12,1707.1962295153526,74474.01783329037,16
2003-11-13,1707.1962295153526,73837.08285194424,16
2003-11-14,1707.1962295153526,72769.04663330106,16
2003-11-17,1707.1962295153526,73129.68062454251,16
2003-11-18,1707.1962295153526,73421.68001323727,16
2003-11-19,1707.1962295153526,73046.94219070462,16
2003-11-20,1707.1962295153526,72547.87079578427,16
2003-11-21,6852.588989387789,72392.58769143705,15
2003-11-24,33.86858361553434,72577.67038911175,17
2003-11-25,33.330445779986306,73604.09319926662,17
2003-11-26,1243.912305754802,66111.98852245249,15
2003-11-27,3600.9335661307796,67302.64107326427,14
2003-11-28,1481.9400969739693,68016.77562630136,15
2003-12-01,1481.439697061544,69734.35552576638,15
2003-12-02,3548.1105568027547,70522.40079613686,14
2003-12-03,10191.897547960287,71998.5482532978,13
2003-12-04,3776.4479256780205,72728.72837429357,14
2003-12-05,3776.4479256780205,72435.46790730071,14
2003-12-08,547.4881032191175,72836.28513021096,15
2003-12-09,546.7255849594333,75496.60549763386,15
2003-12-10,9073.539905516074,76791.60684641975,13
2003-12-11,2051.848742738175,77559.94683249276,14
2003-12-12,32005.664049706862,78449.91250433723,8
2003-12-15,15509.30101890982,78995.71447225034,13
2003-12-16,1745.5545167161863,78703.07956240911,16
2003-12-17,38688.51310065396,80069.8788118661,9
2003-12-18,968.1486930757188,79216.16719435746,12
2003-12-19,7487.11713502293,78604.02687547093,11
2003-12-22,957.387769696276,78806.61565589622,12
2003-12-23,55040.97552403667,78800.49845036725,4
2003-12-24,725.5409445862766,78655.463876019,12
2003-12-25,3903.8282231507296,78627.98367564059,11
2003-12-26,3903.8282231507296,79857.09534684992,11
2003-12-29,11181.057362555026,81621.85778236247,10
2003-12-30,4104.430126348971,80437.19412104273,11
2003-12-31,58111.95628047271,79457.99844265266,4
2004-01-01,2658.608169440704,78860.97097683378,11
2004-01-02,2658.608169440704,80229.12969780393,11
2004-01-05,2658.608169440704,79217.23067403265,11
2004-01-06,35229.995196104006,78049.47127413745,6
2004-01-07,1970.0600406264803,77380.17922750469,11
2004-01-08,31499.077893897964,78410.87866227336,7
2004-01-09,1246.001332646278,78722.42313063708,12
2004-01-12,38003.99751473513,77242.51405144777,6
2004-01-13,1665.4582741043882,76809.2616913102,12
2004-01-14,1664.6713269611969,77367.74409612623,12
2004-01-15,7970.219802669568,78092.5816457787,11
2004-01-16,1805.4454492763762,76671.36066381495,12
2004-01-19,8462.702241940315,77240.27363209228,11
2004-01-20,2145.212015072596,77543.9283782046,12
2004-01-21,8136.811638559072,76217.78548302766,11
2004-01-22,1695.7851820894932,74898.43961885659,12
2004-01-23,5627.853551548646,75733.7432686507,11
2004-01-26,5627.853551548646,75733.7432686507,11
2004-01-27,1938.576814886566,76769.4785188403,18
2004-01-28,45855.836571769745,77500.12617512229,9
2004-01-29,2840.9669549274777,76679.73516438488,11
2004-01-30,62095.12862010387,75138.81969828991,2
2004-02-02,2788.6727256628624,74681.00235532252,19
2004-02-03,2776.177063372891,76265.91030230836,19
2004-02-04,47354.339059150705,74465.9020607834,5
2004-02-05,2269.044509812643,74368.79219214563,12
2004-02-06,2268.285326610172,75160.62724382695,12
2004-02-09,2267.526143407701,75921.74252877223,12
2004-02-10,5717.128786229967,76557.4437710284,11
2004-02-11,2418.6535347760223,76872.60122478609,12
2004-02-12,11745.206914414694,77147.54047219925,10
2004-02-13,2235.7866170928287,77912.63673507427,12
2004-02-16,13231.66745290826,78729.33473370146,10
2004-02-17,741.8179687580914,78218.99272045706,12
2004-02-18,74367.23786279843,77874.57764551327,1
2004-02-19,5132.1475791349285,77796.17510128162,11
2004-02-20,6974.739269051826,76368.07099211602,14
2004-02-23,155.3202409194301,75944.59232512578,15
2004-02-24,6396.318128513464,75592.92253627098,14
2004-02-25,4162.407630624527,76076.00712278699,15
2004-02-26,27535.0814430409,75347.68809434705,8
2004-02-27,7684.026348444517,75099.8739967075,9
2004-03-01,7684.026348444517,74986.13287589222,9
2004-03-02,2810.092643102633,74946.30901857279,10
2004-03-03,12480.856549530903,75648.3061249551,9
2004-03-04,3496.4739070558985,75851.61821919923,11
2004-03-05,3492.9880454456106,76012.30252813452,11
2004-03-08,8082.073225277434,76578.98403574801,10
2004-03-09,6733.57335127307,75981.42781485034,10
2004-03-10,1278.5769313015023,75599.13176685944,11
2004-03-11,12179.61656683378,75015.98539822988,9
2004-03-12,239.8488976785553,74033.64774916858,10
2004-03-15,5525.985051925837,72320.69594174212,9
2004-03-16,386.57346175497787,70847.49278949088,10
2004-03-17,24762.387872789564,71174.25353154964,7
2004-03-18,1389.6745953237241,70250.79295012109,7
2004-03-19,11360.556369493646,70673.56057138268,6
2004-03-22,1637.374669847648,69128.64258557335,7
2004-03-23,50447.62102293603,69849.08736204736,2
2004-03-24,3926.612974652684,69496.69134051506,7
2004-03-25,40834.1500953466,69997.6579707891,3
2004-03-26,1722.5293520719115,70468.4281986982,7
2004-03-29,11130.628474912794,70804.68522997871,6
2004-03-30,881.4920791379518,70301.0474408857,7
2004-03-31,32052.640569486764,71342.46533087746,4
2004-04-01,1755.0227102757926,71466.14685387626,7
2004-04-02,32140.688175707008,72635.96956303611,4
2004-04-05,2097.805783705853,72628.41846819416,7
2004-04-06,2097.805783705853,72364.97930713191,7
2004-04-07,2097.805783705853,72037.83212514415,7
2004-04-08,2097.805783705853,72214.62092252269,7
2004-04-09,2097.805783705853,72214.62092252269,7
2004-04-12,2097.805783705853,71841.62431378856,7
2004-04-13,2097.805783705853,72507.95904322162,7
2004-04-14,2097.805783705853,72507.95904322162,7
2004-04-15,2097.805783705853,72421.36250157848,7
2004-04-16,2097.805783705853,73302.03417630687,7
2004-04-19,2097.805783705853,72935.05324121013,7
2004-04-20,53066.94021574416,73127.0294529573,2
2004-04-21,1712.547339439494,73320.10290753852,7
2004-04-22,42152.39598637782,74013.72742444239,3
2004-04-23,4858.97247883616,74071.85574623881,6
2004-04-26,4858.97247883616,74071.85574623881,6
2004-04-27,16078.087771194558,72095.92800070581,5
2004-04-28,5105.045275100807,72401.14761031543,6
2004-04-29,5105.045275100807,72827.94080484782,6
2004-04-30,16000.158540725808,72837.12803387652,5
2004-05-03,4059.1177443502947,72064.48481711136,6
2004-05-04,27163.673809999327,73378.36740046153,4
2004-05-05,2994.6271416643667,74128.36918635164,6
2004-05-06,50727.20569312678,74772.33226096735,2
2004-05-07,1243.7137894936604,74348.64930775843,6
2004-05-10,1243.7137894936604,73173.63488057337,6
2004-05-11,1243.7137894936604,70048.90914967738,6
2004-05-12,13072.94316058741,70229.92717700587,5
2004-05-13,4852.133550219638,70966.87898283493,6
2004-05-14,36142.2990052291,67203.15289588652,3
2004-05-17,2765.7570732985587,63931.48733486282,7
2004-05-18,2765.7570732985587,68714.10900439369,7
2004-05-19,2765.7570732985587,70435.89586354839,7
2004-05-20,2765.7570732985587,70246.52042116271,7
2004-05-21,2765.7570732985587,70210.33135367977,7
2004-05-24,2765.7570732985587,71540.4894596492,7
2004-05-25,22611.514713010893,72373.70473834049,5
2004-05-26,294.75143762717744,72383.26688673387,9
2004-05-27,53885.3326035305,71794.04781349143,2
2004-05-28,343.4757016398663,71139.31065959713,14
2004-05-31,23456.97586345551,71159.407233237,7
2004-06-01,939.107393445508,71596.86440998508,11
2004-06-02,41375.02997737696,71226.05321484376,4
2004-06-03,2766.8309108359927,70361.41819557978,10
2004-06-04,34408.251528017056,69178.56399177742,5
2004-06-07,307.5058163505867,69196.08122910083,11
2004-06-08,13452.951735448487,69105.44075055087,9
2004-06-09,1043.486361989625,69398.6974673363,11
2004-06-10,1043.486361989625,69503.76101542437,11
2004-06-11,1043.486361989625,69124.66079855883,11
2004-06-14,1043.486361989625,68056.9183950516,11
2004-06-15,7472.366282514222,68437.03483252872,10
2004-06-16,429.21722308123753,68194.06188097919,11
2004-06-17,25325.29839330829,68627.54362159884,7
2004-06-18,2939.7925764913275,68513.38683909127,11
2004-06-21,6103.482560408564,68465.96926714227,10
2004-06-22,2881.608700544011,68188.21866253055,11
2004-06-23,27583.41976958304,67714.55499106436,7
2004-06-24,2202.897438091253,68211.8194034519,11
2004-06-25,34290.608631629126,69048.58144046701,6
2004-06-28,1761.8308300412496,69164.79796547063,11
2004-06-29,4861.655535783131,69018.33114060338,10
2004-06-30,1603.716139181863,68710.84743820073,11
2004-07-01,4792.118759085427,69285.27519886661,10
2004-07-02,4792.118759085427,69406.86434738804,10
2004-07-05,1494.9160623641005,69508.63780165625,11
2004-07-06,21295.437580440746,69708.71126732658,8
2004-07-07,2039.4806251287214,69670.95466086862,11
2004-07-08,52775.804163526256,68538.60456378336,3
2004-07-09,1401.0716642928917,68329.96187539824,17
2004-07-12,17092.047108255443,68507.69967802626,13
2004-07-13,388.2527975021387,68543.97836353169,13
2004-07-14,26417.95318002846,68958.24319155361,8
2004-07-15,1070.5880214117287,70172.12510110362,11
2004-07-16,19997.92812414563,70255.74057634271,8
2004-07-19,1076.5682383007234,69562.54672781889,11
2004-07-20,46253.089689301225,68713.55133788464,4
2004-07-21,1441.421611817379,68605.66078892519,11
2004-07-22,47072.39640599538,67553.59972935964,3
2004-07-23,463.79962525382155,68103.11157879845,11
2004-07-26,19790.03581364755,69074.26085789804,8
2004-07-27,3120.2566287568484,68240.84749961409,13
2004-07-28,28863.34924708476,68434.13763438334,7
2004-07-29,279.9874453190453,68515.04857870375,12
2004-07-30,28588.787579252887,68770.19121618525,7
2004-08-02,2421.012607554285,69183.8479422129,11
2004-08-03,31783.652468120577,69500.58390656662,6
2004-08-04,1158.7165533882753,69272.45106643264,11
2004-08-05,1157.983556053477,69828.33404781563,11
2004-08-06,10109.477511864025,69694.73913620027,9
2004-08-09,3062.8692873767195,69682.0862304023,10
2004-08-10,3062.8692873767195,69742.03980386765,10
2004-08-11,3062.8692873767195,68777.9615434459,10
2004-08-12,3062.8692873767195,67999.60623705895,10
2004-08-13,3062.8692873767195,68107.77124631913,10
2004-08-16,3062.8692873767195,68145.06020463021,10
2004-08-17,9349.011826134043,68608.94335637124,9
2004-08-18,2812.75530240172,68295.25086614722,10
2004-08-19,15955.931312040371,68852.26204390911,8
2004-08-20,1824.3760351647386,68531.09029741182,9
2004-08-23,40328.33855045677,67460.06227744461,4
2004-08-24,4143.0056428156295,66344.99367253402,6
2004-08-25,23691.08840111641,65931.67470339683,4
2004-08-26,4257.46947755277,66335.95016445577,6
2004-08-27,4255.975275180536,66482.46428527613,6
2004-08-30,4254.481072808303,67276.73994078735,6
2004-08-31,32840.60068633401,68760.64259149873,4
2004-09-01,2051.8761449009903,68374.16678668566,6
2004-09-02,23819.67802048591,68393.10585022834,4
2004-09-03,4085.6394351654826,68169.09376942452,6
2004-09-06,23064.348309114263,68010.99181421069,4
2004-09-07,3378.462227227427,67914.38314759944,6
2004-09-08,41863.45247555986,67899.7472515227,3
2004-09-09,1971.8730630613863,67219.48480412737,5
2004-09-10,1971.8730630613863,68225.19589516893,5
2004-09-13,14994.376384804398,68076.97128684298,4
2004-09-14,1938.1947775045937,68287.70942784945,5
2004-09-15,67341.71575026002,67341.71575026002,0
2004-09-16,4566.898476658493,67091.61687666002,5
2004-09-17,17006.954047243744,67059.58927063242,4
2004-09-20,4362.383761233001,67062.79170114388,5
2004-09-21,30334.86081888071,68159.87448694101,3
2004-09-22,4867.584622290284,68180.90316190972,5
2004-09-23,4867.584622290284,67340.19525041833,5
2004-09-24,4867.584622290284,67786.3109888102,5
2004-09-27,4867.584622290284,67749.00151767983,5
2004-09-28,4867.584622290284,67022.69911375298,5
2004-09-29,4867.584622290284,67557.37494364037,5
2004-09-30,4867.584622290284,68787.76106539025,5
2004-10-01,4867.584622290284,69594.3797678019,5
2004-10-04,4867.584622290284,69392.03123750939,5
2004-10-05,4867.584622290284,69113.77243461862,5
2004-10-06,4867.584622290284,68677.53839960351,5
2004-10-07,4867.584622290284,69219.5008577372,5
2004-10-08,4867.584622290284,69572.17007866158,5
2004-10-11,4867.584622290284,69144.35181036248,5
2004-10-12,18887.39717761865,68811.59047881952,4
2004-10-13,119.27802929030356,68557.67553743468,7
2004-10-14,24180.4615902248,67942.60873883397,5
2004-10-15,589.3060151042306,67812.4798813762,6
2004-10-18,12989.708244396508,68204.6703701747,5
2004-10-19,140.2933498621704,68583.79460489757,6
2004-10-20,138.80694796546658,68042.48183276161,6
2004-10-21,6508.26678689369,67272.6086390818,5
2004-10-22,87.89758799791761,67220.14919207811,6
2004-10-25,18007.227929474357,66339.91807639741,4
2004-10-26,5414.735447937492,66308.46927648211,5
2004-10-27,41154.1467502904,66476.00032599688,2
2004-10-28,3071.6206118187965,66448.81103816844,5
2004-10-29,15856.565569246775,66064.42348822451,4
2004-11-01,3377.113774242889,65238.00253027965,5
2004-11-02,16011.224613354216,65758.24337260486,4
2004-11-03,3624.898635601532,66080.28692529156,5
2004-11-04,16202.455689129363,65402.927492556104,4
2004-11-05,4631.928680728448,65040.32391006805,5
2004-11-08,16766.89883792449,65901.68245112945,4
2004-11-09,4583.278006701958,65844.12097468902,5
2004-11-10,16116.768116305839,66031.20528633453,4
2004-11-11,3965.3789790492174,65333.313571296225,5
2004-11-12,3965.3789790492174,65578.4165271144,5
2004-11-15,3965.3789790492174,65578.4165271144,5
2004-11-16,3965.3789790492174,65479.95214494277,5
2004-11-17,3965.3789790492174,65878.65801938582,5
2004-11-18,3965.3789790492174,65762.75582250167,5
2004-11-19,3965.3789790492174,65852.5949853282,5
2004-11-22,3965.3789790492174,66089.60797151137,5
2004-11-23,29470.14846366836,66649.35993141128,3
2004-11-24,2214.4361660494924,67253.24436688567,5
2004-11-25,14745.542240649713,66995.57681325103,4
2004-11-26,201.7558586993291,66730.73348740721,5
2004-11-29,26421.935414302356,67823.62781046629,3
2004-11-30,5452.920967262888,66612.45997635713,5
2004-12-01,26084.608749992993,67468.78630316988,3
2004-12-02,489.1232524649149,69564.44666631379,5
2004-12-03,489.1232524649149,68124.45451886811,5
2004-12-06,489.1232524649149,69014.1017204062,5
2004-12-07,13616.53429674592,68544.89427065339,4
2004-12-08,3094.1891882578366,67545.72323300042,5
2004-12-09,32620.852045763633,67204.45737098565,3
2004-12-10,4698.736457568337,66687.60311887853,6
2004-12-13,33498.12819735258,67287.83866326063,3
2004-12-14,320.6978333246152,67132.12912299746,6
2004-12-15,320.6978333246152,67307.42769553774,6
2004-12-16,34912.39757468814,68653.25492026919,3
2004-12-17,1743.1923819543717,68768.14450368899,6
2004-12-20,1743.1923819543717,69614.15590009707,6
2004-12-21,23631.68819018191,70264.48644991702,4
2004-12-22,991.3100206262461,70281.63233393496,6
2004-12-23,991.3100206262461,71287.00296419924,6
2004-12-24,991.3100206262461,70906.57700556582,6
2004-12-27,991.3100206262461,71365.40422076052,6
2004-12-28,991.3100206262461,71959.41270846194,6
2004-12-29,991.3100206262461,71468.51950281924,6
2004-12-30,991.3100206262461,71365.3866655237,6
2004-12-31,991.3100206262461,71790.83507555789,6
